Index,Record,Filename,Name,URL,Group,Library,Calcite,Chlorite,Dolomite,Goethite,Gypsum,Hematite,Illite+Muscovite,Kaolinite,Montmorillonite,Vermiculite,Iron Oxide,Clay,Carbonate,Sulfate,Sulfide,Artifical Materials,Vegetation,Coating,Biotite
1,6858,group.1um/organic_green_plastic_tarp_1um,Plastic_Tarp GDS339 Green W1R1Fa,https://crustal.usgs.gov/speclab/data/HTMLmetadata/Plastic_Tarp_GDS339_Green_ASDFRa_AREF.html,1,splib06,,,,,,,,,,,,,,,,-1,,,
2,744,group.1um/fe3+_hematite.fine.gr.gds76,Hematite.02+Quartz.98 GDS76 W1R1Ha,https://crustal.usgs.gov/speclab/data/HTMLmetadata/Hematite.02+Quartz.98_GDS76_BECKa_AREF.html,1,sprlb06,,,,,,0.02,,,,,,,,,,,,,
3,882,group.1um/fe3+_goethite.medgr.ws222,Goethite WS222 <250um MedGrn W1R1H_ AREF,https://crustal.usgs.gov/speclab/data/HTMLmetadata/Goethite_WS222_Medium_Gr._BECKa_AREF.html,1,sprlb06,,,,1,,,,,,,,,,,,,,,
4,5736,group.1um/fe3+_goethite+qtz.medgr.gds240,Goethite0.02+Quartz GDS240 W1R1Ba,https://crustal.usgs.gov/speclab/data/HTMLmetadata/Goethite0.02+Quartz_GDS240_BECKa_AREF.html,1,splib06,,,,0.02,,,,,,,,,,,,,,,
5,1878,group.1um/fe3+_goethite.fingr,Goethite MPCMA2-B FineGr adj W1R1Bb,https://crustal.usgs.gov/speclab/data/HTMLmetadata/Goethite_MPCMA2-B_FineGr_adj_BECKb_AREF.html,1,splib06,,,,0.2,,,,,,,,,,,,,,,
6,852,group.1um/fe3+_goethite.medcoarsegr.mpc.trjar,Goethite MPCMA2-C M-Crsgrad2 W1R1Hb AREF,https://crustal.usgs.gov/speclab/data/HTMLmetadata/Goethite_MPCMA2-C_M-Crsgrad2_BECKb_AREF.html,1,sprlb06,,,,0.37,,,,,,,,,,,,,,,
7,894,group.1um/fe3+_goethite.coarsegr,Goethite WS222 coarse grain W1R1H_,https://crustal.usgs.gov/speclab/data/HTMLmetadata/Goethite_WS222_Coarse_Gr._BECKa_AREF.html,1,sprlb06,,,,1,,,,,,,,,,,,,,,
8,6168,group.1um/fe3+_goethite.thincoat,Goethite_Thin_Film WS222 W1R1Ba,https://crustal.usgs.gov/speclab/data/HTMLmetadata/Goethite_Thin_Film_WS222_BECKa_AREF.html,1,splib06,,,,0.1,,,,,,,,,,,,,,,
9,5730,group.1um/fe3+_goeth+jarosite,Goeth+qtz.5+Jarosite.5 AMX11 W1R1BbS,https://crustal.usgs.gov/speclab/data/HTMLmetadata/Goeth+qtz.5+Jarosite.5_AMX11_BECKb_AREF.html,1,splib06,,,,0.02,,,,,,,,,,,,,,,
10,6042,group.1um/sulfide_pyrite,Pyrite LV95-6A Weath on Tail W1R1Bb,https://crustal.usgs.gov/speclab/data/HTMLmetadata/Pyrite_LV95-6A_Weath_on_Tail_BECKb_AREF.html,1,splib06,,,,,,,,,,,,,,,-1,,,,
11,4476,group.1um/fe3+_sulfate_schwertmannite,Schwertmannite BZ93-1 W1R1Bb,https://crustal.usgs.gov/speclab/data/HTMLmetadata/Schwertmannite_BZ93-1_BECKb_AREF.html,1,splib06,,,,,,,,,,,-1,,,-1,,,,,
12,6144,group.1um/Mn-Coating,Blck_Mn_Coat_Tailngs LV95-3 W1R1Bb,https://crustal.usgs.gov/speclab/data/HTMLmetadata/Blck_Mn_Coat_Tailngs_LV95-3_BECKb_AREF.html,1,splib06,,,,,,,,,,,,,,,,,,-1,
13,5316,group.1um/fe3+mix_AMD.assemb1,Acid_Mine_Dr Assemb1-Fe3+ W1R1Fb,https://crustal.usgs.gov/speclab/data/HTMLmetadata/Acid_Mine_Dr_Assemb1-Fe3+_ASDFRb_AREF.html,1,splib06,,,,,,,,,,,-1,,,,,,,,
14,5322,group.1um/fe3+mix_AMD.assemb2,Acid_Mine_Dr Assemb2-Fe3+ W1R1Fb,https://crustal.usgs.gov/speclab/data/HTMLmetadata/Acid_Mine_Dr_Assemb2-Fe3+_ASDFRb_AREF.html,1,splib06,,,,,,,,,,,-1,,,,,,,,
15,2568,group.1um/fe3+_sulfate_kjarosite200,Jarosite GDS99 K 200C Syn W1R1BaS,https://crustal.usgs.gov/speclab/data/HTMLmetadata/Jarosite_GDS99_K_200C_Syn_BECKa_AREF.html,1,splib06,,,,,,,,,,,-1,,,-1,,,,,
16,732,group.1um/fe3+_goethite.lepidocrosite,Lepidocrosite GDS80 (Syn) W1R1Hb,https://crustal.usgs.gov/speclab/data/HTMLmetadata/Lepidocrocite_GDS80_(Syn)_BECKb_AREF.html,1,sprlb06,,,,1,,,,,,,,,,,,,,,
17,5634,group.1um/fe2+_chlor+muscphy,Chlorite+Muscovite CU93-65A W1R1Ba,https://crustal.usgs.gov/speclab/data/HTMLmetadata/Chlorite+Muscovite_CU93-65A_BECKa_AREF.html,1,splib06,,,,,,,,,,,-1,,,,,,,,
18,900,group.1um/fe2+_goeth+musc,Goethite CU91-252 coatedchip W1R1H_,No available USGS Spectral Library 7 Description Reference,1,sprlb06,,,,0.04,,,,,,,,,,,,,,,
19,5604,group.1um/fe2+fe3+_chlor+goeth.propylzone,Chlor+Goethite CU93-4B Phyl W1R1Ba,https://crustal.usgs.gov/speclab/data/HTMLmetadata/Chlor+Goethite_CU93-4B_Phyl_BECKa_AREF.html,1,splib06,,,,0.02,,,,,,,,,,,,,,,
20,1446,group.1um/fe2+generic_nrw.cummingtonite,Cummingtonite HS294.3B W1R1Bc,https://crustal.usgs.gov/speclab/data/HTMLmetadata/Cummingtonite_HS294.3B_BECKc_AREF.html,1,splib06,,,,,,,,,,,-1,,,,,,,,
21,72,group.1um/fe2+generic_nrw.actinolite,Actinolite NMNHR16485 W1R1Bb,https://crustal.usgs.gov/speclab/data/HTMLmetadata/Actinolite_NMNHR16485_BECKb_AREF.html,1,splib06,,,,,,,,,,,-1,,,,,,,,
22,42,group.1um/fe2+generic_nrw.hs-actinolite,Actinolite HS22.3B W1R1Bb,https://crustal.usgs.gov/speclab/data/HTMLmetadata/Actinolite_HS22.3B_BECKb_AREF.html,1,splib06,,,,,,,,,,,-1,,,,,,,,
23,2334,group.1um/fe2+_pyroxene.hypersthene,Hypersthene NMNHC2368 W1R1Bb,https://crustal.usgs.gov/speclab/data/HTMLmetadata/Hypersthene_NMNHC2368_BECKb_AREF.html,1,splib06,,,,,,,,,,,-1,,,,,,,,
24,1548,group.1um/fe2+_pyroxene.diopside,Diopside NMNHR18685 ~160 Pyx W1R1Bb,https://crustal.usgs.gov/speclab/data/HTMLmetadata/Diopside_NMNHR18685_~160_Pyx_BECKb_AREF.html,1,splib06,,,,,,,,,,,-1,,,,,,,,
25,2502,group.1um/fe2+generic_med.jadeite,Jadeite HS343.3B W1R1Bb,https://crustal.usgs.gov/speclab/data/HTMLmetadata/Jadeite_HS343.3B_BECKb_AREF.html,1,splib06,,,,,,,,,,,-1,,,,,,,,
26,3966,group.1um/fe2+_pyroxene_clino_pigeonite,Pigeonite HS199.3B W1R1Bb,https://crustal.usgs.gov/speclab/data/HTMLmetadata/Pigeonite_HS199.3B_BECKc_AREF.html,1,splib06,,,,,,,,,,,-1,,,,,,,,
27,1668,group.1um/epidote,Epidote GDS26.a 75-200um W1R1Bb,https://crustal.usgs.gov/speclab/data/HTMLmetadata/Epidote_GDS26.a_75-200um_BECKb_AREF.html,1,splib06,,,,,,,,,,,-1,,,,,,,,
28,5724,group.1um/fe3+bearing1,Fe-Hydroxide SU93-106 amorph W1R1Bb,https://crustal.usgs.gov/speclab/data/HTMLmetadata/Fe-Hydroxide_SU93-106_amorph_BECKb_AREF.html,1,splib06,,,,0.2,,,,,,,,,,,,,,,
29,1740,group.1um/fe3+_ferrihydrite,Ferrihydrite GDS75 Syn F6 W1R1Bb,https://crustal.usgs.gov/speclab/data/HTMLmetadata/Ferrihydrite_GDS75_Syn_F6_BECKb_AREF.html,1,splib06,,,,,,,,,,,-1,,,,,,,,
30,738,group.1um/fe3+_hematite.med.gr.gds27,Hematite GDS27 W1R1Ha,https://crustal.usgs.gov/speclab/data/HTMLmetadata/Hematite_GDS27_BECKa_AREF.html,1,sprlb06,,,,,,1,,,,,,,,,,,,,
31,6198,group.1um/fe3+_hematite.thincoat,Hematite_Thin_Film GDS27 W1R1Ba,https://crustal.usgs.gov/speclab/data/HTMLmetadata/Hematite_Thin_Film_GDS27_BECKa_AREF.html,1,splib06,,,,,,0.05,,,,,,,,,,,,,
32,2100,group.1um/fe3+_hematite.fine.gr.fe2602,Hematite FE2602 W1R1Bb,https://crustal.usgs.gov/speclab/data/HTMLmetadata/Hematite_FE2602_BECKb_AREF.html,1,splib06,,,,,,1,,,,,,,,,,,,,
33,906,group.1um/fe3+_hematite.fine.gr.ws161,Hematite WS161 W1R1Hb,https://crustal.usgs.gov/speclab/data/HTMLmetadata/Hematite_WS161_BECKb_AREF.html,1,sprlb06,,,,,,0.79,,,,,,,,,,,,,
34,3558,group.1um/fe3+_smectite_nontronite,Nontronite NG-1.a W1R1Bb,https://crustal.usgs.gov/speclab/data/HTMLmetadata/Nontronite_NG-1.a_BECKb_AREF.html,1,splib06,,,,,,,,,,,-1,,,,,,,,
35,5328,group.1um/fe2+generic_brd.br5a_actinolite,Actinolite-Hornfels BR93-5a W1R1Bc,https://crustal.usgs.gov/speclab/data/HTMLmetadata/Actinolite-Hornfels_BR93-5a_BECKc_AREF.html,1,splib06,,,,,,,,,,,-1,,,,,,,,
36,846,group.1um/fe2+fe3+mix_with_hematite_br5b,Magnetite_skarn BR93-5B W1R1Hb AREF,https://crustal.usgs.gov/speclab/data/HTMLmetadata/Magnetite_skarn_BR93-5B_BECKb_AREF.html,1,sprlb06,,,,,,0.17,,,,,,,,,,,,,
37,5334,group.1um/fe2+generic_brd.br22c_actinolite,Actinolite-Tremolit BR93-22C W1R1Bb,https://crustal.usgs.gov/speclab/data/HTMLmetadata/Actinolite-Tremolit_BR93-22C_BECKb_AREF.html,1,splib06,,,,,,,,,,,-1,,,,,,,,
38,1656,group.1um/fe2+generic_br33a_bioqtzmonz_epidote,Epidote BR93-33a W1R1Bb AREF,https://crustal.usgs.gov/speclab/data/HTMLmetadata/Epidote_BR93-33a_BECKb_AREF.html,1,splib06,,,,,,,,,,,-1,,,,,,,,
39,5490,group.1um/fe2+generic_brd.br36a_chlorite,Biotite-Chlorite_Mx BR93-36A W1R1Bb,https://crustal.usgs.gov/speclab/data/HTMLmetadata/Biotite-Chlorite_Mx_BR93-36A_BECKb_AREF.html,1,splib06,,,,,,,,,,,-1,,,,,,,,
40,5460,group.1um/fe2+fe3+_hematite_weathering,Basalt_weathered BR93-43 W1R1Bb,https://crustal.usgs.gov/speclab/data/HTMLmetadata/Basalt_weathered_BR93-43_BECKb_AREF.html,1,splib06,,,,,,0.01,,,,,,,,,,,,,
41,5454,group.1um/fe2+generic_basalt_br46b,Basalt_fresh BR93-46B W1R1Bb,https://crustal.usgs.gov/speclab/data/HTMLmetadata/Basalt_fresh_BR93-46B_BECKb_AREF.html,1,splib06,,,,,,,,,,,-1,,,,,,,,
42,840,group.1um/fe3+_hematite.lg.gr.br25a,Hematite_Coatd_Qtzt BR93-25A W1R1Hb AREF,https://crustal.usgs.gov/speclab/data/HTMLmetadata/Hematite_Coatd_Qtzt_BR93-25A_BECKa_AREF.html,1,sprlb06,,,,,,0.01,,,,,,,,,,,,,
43,6174,group.1um/fe3+_hematite.med.gr.br25b,Hematite_Coatd_Qtz BR93-25B W1R1Bb,https://crustal.usgs.gov/speclab/data/HTMLmetadata/Hematite_Coatd_Qtz_BR93-25B_BECKa_AREF.html,1,splib06,,,,,,0.05,,,,,,,,,,,,,
44,816,group.1um/fe3+_hematite.lg.gr.br25c,Hematite_Coatd_Qtzt BR93-25C W1R1Hb AREF,https://crustal.usgs.gov/speclab/data/HTMLmetadata/Hematite_Coatd_Qtzt_BR93-25C_BECKa_AREF.html,1,sprlb06,,,,,,0.69,,,,,,,,,,,,,
45,3468,group.1um/fe3+_hematite.nano.BR34b2,Nanohematite BR93-34B2 W1R1BbS,https://crustal.usgs.gov/speclab/data/HTMLmetadata/Nanohematite_BR93-34B2_BECKb_AREF.html,1,splib06,,,,,,0.1,,,,,,,,,,,,,
46,1026,group.1um/fe3+_hematite-nano+goethite-fg,nHematit+fg-Goethit 34B2+MPC W1R1Hb,No available USGS Spectral Library 7 Description Reference,1,sprlb06,,,,0.1,,0.05,,,,,,,,,,,,,
47,918,group.1um/fe3+_hematite.nano.BR34b2b,Nanohematite FBR93-34B2b ed1 W1R1Hb,No available USGS Spectral Library 7 Description Reference,1,sprlb06,,,,,,0.1,,,,,,,,,,,,,
48,822,group.1um/fe3+_hematite.lg.gr.br34c,Hematite_Coatd_Qtz BR93-34C W1R1Ha AREF,https://crustal.usgs.gov/speclab/data/HTMLmetadata/Hematite_Coatd_Qtz_BR93-34C_BECKa_AREF.html,1,sprlb06,,,,,,0.63,,,,,,,,,,,,,
49,6210,group.1um/fe3+_sulfate_jarosite_br34a2,Jarosite_on_Qtzite BR93-34A2 W1R1Bb,https://crustal.usgs.gov/speclab/data/HTMLmetadata/Jarosite_on_Qtzite_BR93-34A2_BECKa_AREF.html,1,splib06,,,,,,,,,,,-1,,,,,,,,
50,5340,group.1um/fe2+generic_broad_br60b,Actinolite_Dolomit BR93-60B W1R1BbS,https://crustal.usgs.gov/speclab/data/HTMLmetadata/Actinolite_Dolomit_BR93-60B_BECKb_AREF.html,1,splib06,,,,,,,,,,,-1,,,,,,,,
51,6036,group.1um/fe2+generic_vbroad_br20,Phlogopite_Sand_Mix BR93-20 W1R1Ba,https://crustal.usgs.gov/speclab/data/HTMLmetadata/Phlogopite_Sand_Mix_BR93-20_BECKa_AREF.html,1,splib06,,,,,,,,,,,-1,,,,,,,,
52,6942,group.1um/fe2+fe3+_water_RTsludge,Renyolds_TnlSldgWet SM93-15w W1R1Ba,https://crustal.usgs.gov/speclab/data/HTMLmetadata/Renyolds_TnlSldgWet_SM93-15w_BECKa_AREF.html,1,splib06,,,,,,,,,,,-1,,,,,,,,
53,660,group.1um/fe2+_chlorite.clinochlor,Clinochlore GDS158 Flagst W1R1Hb,https://crustal.usgs.gov/speclab/data/HTMLmetadata/Clinochlore_GDS158_Flagstaff_ASDNGb_AREF.html,1,sprlb06,,,,,,,,,,,,,,,,,,,
54,1200,group.1um/fe2+_chlorite.Felow.clinochlor,Clinochlore NMNH83369 W1R1Bb,https://crustal.usgs.gov/speclab/data/HTMLmetadata/Clinochlore_NMNH83369_BECKb_AREF.html,1,splib06,,,,,,,,,,,-1,,,,,,,,
55,4890,group.1um/fe2+_chlorite.thuringite,Thuringite SMR-15.c 32um W1R1Ba,https://crustal.usgs.gov/speclab/data/HTMLmetadata/Thuringite_SMR-15.c_32um_NIC4aa_RREF.html,1,splib06,,,,,,,,,,,-1,,,,,,,,
56,720,group.1um/copper_carbonate_azurite,Azurite WS316 W1R1Ba,https://crustal.usgs.gov/speclab/data/HTMLmetadata/Azurite_WS316_BECKa_AREF.html,1,splib06,,,,,,,,,,,,,,,,,,,
57,3990,group.1um/fe3+copper-hydroxide_pitchlimonite,Pitch_Limonite GDS104 Cu W1R1B?,https://crustal.usgs.gov/speclab/data/HTMLmetadata/Pitch_Limonite_GDS104_Cu_BECKu_AREF.html,1,splib06,,,,,,,,,,,-1,,,,,,,,
58,2964,group.1um/copper_carbonate_malachite,Malachite HS254.3B W1R1Bb,https://crustal.usgs.gov/speclab/data/HTMLmetadata/Malachite_HS254.3B_BECKb_AREF.html,1,splib06,,,,,,,,,,,,,,,,,,,
59,5496,group.1um/copper_sulfate_bluefflor,Blue_Efflorscnt_Min SU93-300 W1R1Bb,https://crustal.usgs.gov/speclab/data/HTMLmetadata/Blue_Efflorscnt_Min_SU93-300_BECKb_AREF.html,1,splib06,,,,,,,,,,,,,,-1,,,,,
60,6594,group.1um/copper_precipitate_greenslime,Green_Slime SM93-14A Summitv W1R1Ba,https://crustal.usgs.gov/speclab/data/HTMLmetadata/Green_Slime_SM93-14A_Summitv_BECKa_AREF.html,1,splib06,,,,,,,,,,,,,,,,,,,
61,3696,group.1um/fe2+_olivine-lrg-gr,Olivine HS285.4B Fo80 W1R1Bb,https://crustal.usgs.gov/speclab/data/HTMLmetadata/Olivine_HS285.4B_Fo80_BECKb_AREF.html,1,splib06,,,,,,,,,,,-1,,,,,,,,
62,3666,group.1um/fe2+_olivine-fine-gr,Olivine GDS71.a Fo91 65um W1R1Bb,https://crustal.usgs.gov/speclab/data/HTMLmetadata/Olivine_GDS71.a_Fo91_65um_BECKb_AREF.html,1,splib06,,,,,,,,,,,-1,,,,,,,,
63,4278,group.1um/carbonate_rhodochrosite,Rhodochrosite HS338.3B W1R1Bb,https://crustal.usgs.gov/speclab/data/HTMLmetadata/Rhodochrosite_HS338.3B_BECKb_AREF.html,1,splib06,,,,,,,,,,,,,,,,,,,
64,4560,group.1um/fe2+generic_carbonate_siderite1,Siderite HS271.3B W1R1Ba,https://crustal.usgs.gov/speclab/data/HTMLmetadata/Siderite_HS271.3B_BECKa_AREF.html,1,splib06,,,,,,,,,,,-1,,,,,,,,
65,4362,group.1um/fe2+generic_amphibole_riebeckite,Riebeckite NMNH122689 Amph W1R1Ba,https://crustal.usgs.gov/speclab/data/HTMLmetadata/Riebeckite_NMNH122689_Amph_BECKa_AREF.html,1,splib06,,,,,,,,,,,-1,,,,,,,,
66,1386,group.1um/fe3+fe2+_sulfate_coquimbite,Coquimbite GDS22 W1R1Bc,https://crustal.usgs.gov/speclab/data/HTMLmetadata/Coquimbite_GDS22_BECKc_AREF.html,1,splib06,,,,,,,,,,,-1,,,-1,,,,,
67,1374,group.1um/fe3+fe2+_sulfate_copiapite,Copiapite GDS21 W1R1Bb,https://crustal.usgs.gov/speclab/data/HTMLmetadata/Copiapite_GDS21_BECKb_AREF.html,1,splib06,,,,,,,,,,,-1,,,-1,,,,,
68,1134,group.1um/copper_chrysocolla,Chrysocolla HS297.3B W1R1Bb,https://crustal.usgs.gov/speclab/data/HTMLmetadata/Chrysocolla_HS297.3B_ASDFRb_AREF.html,1,splib06,,,,,,,,,,,,,,,,,,,
69,3498,group.1um/ree_neodymium_oxide,Neodymium_Oxide GDS34 W1R1Ba,https://crustal.usgs.gov/speclab/data/HTMLmetadata/Neodymium_Oxide_GDS34_BECKa_AREF.html,1,splib06,,,,,,,,,,,,,,,,,,,
70,4410,group.1um/ree_samarium_oxide,Samarium_Oxide GDS36 W1R1Ba,https://crustal.usgs.gov/speclab/data/HTMLmetadata/Samarium_Oxide_GDS36_BECKa_AREF.html,1,splib06,,,,,,,,,,,,,,,,,,,
71,708,group.1um/fe2+generic_axinite,Axinite HS342.3B W1R1Bb,https://crustal.usgs.gov/speclab/data/HTMLmetadata/Axinite_HS342.3B_BECKb_AREF.html,1,splib06,,,,,,,,,,,-1,,,,,,,,
72,4728,group.1um/fe2+generic_staurolite,Staurolite HS188.3B W1R1Bb,https://crustal.usgs.gov/speclab/data/HTMLmetadata/Staurolite_HS188.3B_BECKc_AREF.html,1,splib06,,,,,,,,,,,-1,,,,,,,,
73,216,group.1um/fe2+generic_almandine,Almandine WS479 Garnet W1R1Bb,https://crustal.usgs.gov/speclab/data/HTMLmetadata/Almandine_WS479_Garnet_BECKb_AREF.html,1,splib06,,,,,,,,,,,-1,,,,,,,,
74,678,group.1um/fe2+_pyroxene_augite,Augite NMNH120049 W1R1Bb,https://crustal.usgs.gov/speclab/data/HTMLmetadata/Augite_NMNH120049_BECKb_AREF.html,1,splib06,,,,,,,,,,,-1,,,,,,,,
75,810,group.1um/fe2+_pyroxene.bronzite,Bronzite HS9.3B Pyroxene W1R1Bc,https://crustal.usgs.gov/speclab/data/HTMLmetadata/Bronzite_HS9.3B_Pyroxene_BECKc_AREF.html,1,splib06,,,,,,,,,,,-1,,,,,,,,
76,858,group.1um/fe2+generic_sulfate_butlerite,Butlerite GDS25 W1R1Ba,https://crustal.usgs.gov/speclab/data/HTMLmetadata/Butlerite_GDS25_BECKa_AREF.html,1,splib06,,,,,,,,,,,-1,,,,,,,,
77,882,group.1um/fe2+_feldspar.bytownite,Bytownite HS106.3B Plagio W1R1Bc,https://crustal.usgs.gov/speclab/data/HTMLmetadata/Bytownite_HS106.3B_Plagio_BECKc_AREF.html,1,splib06,,,,,,,,,,,-1,,,,,,,,
78,1002,group.1um/sulfide_copper_chalcopyrite,Chalcopyrite HS431.3B W1R1Bb,https://crustal.usgs.gov/speclab/data/HTMLmetadata/Chalcopyrite_HS431.3B_BECKb_AREF.html,1,splib06,,,,,,,,,,,,,,,-1,,,,
79,1122,group.1um/fe2+_chromite,Chromite HS281.3B W1R1Bb,https://crustal.usgs.gov/speclab/data/HTMLmetadata/Chromite_HS281.3B_ASDFRc_AREF.html,1,splib06,,,,,,,,,,,-1,,,,,,,,
80,1164,group.1um/sulfide_cinnabar,Cinnabar HS133.3B W1R1Bc,https://crustal.usgs.gov/speclab/data/HTMLmetadata/Cinnabar_HS133.3B_BECKc_AREF.html,1,splib06,,,,,,,,,,,,,,,-1,,,,
81,1458,group.1um/copper_oxide_cuprite,Cuprite HS127.3B W1R1Bb,https://crustal.usgs.gov/speclab/data/HTMLmetadata/Cuprite_HS127.3B_BECKb_AREF.html,1,splib06,,,,,,,,,,,,,,,,,,,
82,6156,group.1um/fe3+mn_desert.varnish1,Desert_Varnish GDS141 W1R1Ba,https://crustal.usgs.gov/speclab/data/HTMLmetadata/Desert_Varnish_GDS141_BECKa_AREF.html,1,splib06,,,,,,,,,,,-1,,,,,,,-1,
83,6162,group.1um/fe3+mn_desert.varnish2,Desert_Varnish GDS78A Rhy W1R1Ba,https://crustal.usgs.gov/speclab/data/HTMLmetadata/Desert_Varnish_GDS78A_Rhy_BECKa_AREF.html,1,splib06,,,,,,,,,,,-1,,,,,,,-1,
84,1644,group.1um/fe2+_pyroxene_enstatite,Enstatite NMNH128288 W1R1Bc,https://crustal.usgs.gov/speclab/data/HTMLmetadata/Enstatite_NMNH128288_BECKc_AREF.html,1,splib06,,,,,,,,,,,-1,,,,,,,,
85,2088,group.1um/fe2+_pyroxene_hedenbergite,Hedenbergite NMNH119197 W1R1Bb,https://crustal.usgs.gov/speclab/data/HTMLmetadata/Hedenbergite_NMNH119197_BECKb_AREF.html,1,splib06,,,,,,,,,,,-1,,,,,,,,
86,2796,group.1um/sulfate_lazurite,Lazurite HS418.3B W1R1Bb,https://crustal.usgs.gov/speclab/data/HTMLmetadata/Lazurite_HS418.3B_BECKb_AREF.html,1,splib06,,,,,,,,,,,,,,-1,,,,,
87,2928,group.1um/fe3+_maghemite,Maghemite GDS81 Syn (M-3) W1R1Bb,https://crustal.usgs.gov/speclab/data/HTMLmetadata/Maghemite_GDS81_Syn_(M-3)_BECKb_AREF.html,1,splib06,,,,,,0.85,,,,,,,,,,,,,
88,2940,group.1um/magnetite,Magnetite HS195.3B W1R1Bb,https://crustal.usgs.gov/speclab/data/HTMLmetadata/Magnetite_HS195.3B_BECKb_AREF.html,1,splib06,,,,,,,,,,,-1,,,,,,,,
89,4158,group.1um/mn_oxide_pyrolusite,Pyrolusite HS138.3B W1R1Bb,https://crustal.usgs.gov/speclab/data/HTMLmetadata/Pyrolusite_HS138.3B_BECKb_AREF.html,1,splib06,,,,,,,,,,,,,,,,,,,
90,3042,group.1um/fe2+_feldspar_microcline,Microcline HS103.3B Feldspar W1R1Bc,https://crustal.usgs.gov/speclab/data/HTMLmetadata/Microcline_HS103.3B_Feldspar_BECKc_AREF.html,1,splib06,,,,,,,,,,,-1,,,,,,,,
91,132,group.1um/fe2+_feldspar_albite,Albite HS143.3B Plagioclase W1R1Bc,https://crustal.usgs.gov/speclab/data/HTMLmetadata/Albite_HS143.3B_Plagioclase_BECKc_AREF.html,1,splib06,,,,,,,,,,,-1,,,,,,,,
92,3852,group.1um/fe2+_feldspar_orthoclase,Orthoclase NMNH142137 Fe W1R1Bb,https://crustal.usgs.gov/speclab/data/HTMLmetadata/Orthoclase_NMNH142137_Fe_BECKb_AREF.html,1,splib06,,,,,,,,,,,-1,,,,,,,,
93,3882,group.1um/inosilicate_pectolite,Pectolite NMNH94865.a W1R1Bb,https://crustal.usgs.gov/speclab/data/HTMLmetadata/Pectolite_NMNH94865.a_BECKb_AREF.html,1,splib06,,,,,,,,,,,,,,,,,,,
94,4314,group.1um/mn2+_rhodonite,Rhodonite NMNHC6148 >250um W1R1Bb,https://crustal.usgs.gov/speclab/data/HTMLmetadata/Rhodonite_NMNHC6148_gt250um_BECKb_AREF.html,1,splib06,,,,,,,,,,,,,,,,,,,
95,4776,group.1um/sulfur,Sulfur GDS94 Reagent W1R1Ba,https://crustal.usgs.gov/speclab/data/HTMLmetadata/Sulfur_GDS94_Reagent_BECKa_AREF.html,1,splib06,,,,,,,,,,,,,,,,,,,
96,7128,group.2um/organic_vegetation-dry-grass-long,Dry_Long_Grass AV87-2 W1R1Ba,No available USGS Spectral Library 7 Description Reference,2,splib06,,,,,,,,,,,,,,,,,-1,,
97,7248,group.2um/organic_vegetation-dry-grass-golden,Grass_Golden_Dry GDS480 W1R1Fa,https://crustal.usgs.gov/speclab/data/HTMLmetadata/Grass_Golden_Dry_GDS480_ASDFRa_AREF.html,2,splib06,,,,,,,,,,,,,,,,,-1,,
98,6912,group.2um/organic_vegetation-dry-wood,Plywood GDS365 Fresh Pine W1R1Fa,https://crustal.usgs.gov/speclab/data/HTMLmetadata/Plywood_GDS365_Fresh_Pine_ASDFRa_AREF.html,2,splib06,,,,,,,,,,,,,,,,,-1,,
99,6864,group.2um/organic_plastic-tarp1,Plastic_Tarp GDS340 Blu_Wovn W1R1Fa,https://crustal.usgs.gov/speclab/data/HTMLmetadata/Plastic_Tarp_GDS340_Blu_Wovn_ASDFRa_AREF.html,2,splib06,,,,,,,,,,,,,,,,-1,,,
100,6876,group.2um/organic_plastic-vinyl,Plastic_Vinyl GDS372 White W1R1Fa,https://crustal.usgs.gov/speclab/data/HTMLmetadata/Plastic_Vinyl_GDS372_White_ASDFRa_AREF.html,2,splib06,,,,,,,,,,,,,,,,-1,,,
101,6558,group.2um/organic_fiberglass-roofing,Fiberglass GDS337 Grn Roofng W1R1Fa,https://crustal.usgs.gov/speclab/data/HTMLmetadata/Fiberglass_GDS337_Grn_Roofng_ASDFRa_AREF.html,2,splib06,,,,,,,,,,,,,,,,,,,
102,6936,group.2um/organic_plastic-polystyrene,Polystyrene GDS345 BluInsul W1R1Fa,https://crustal.usgs.gov/speclab/data/HTMLmetadata/Polystyrene_GDS345_BluInsul_ASDFRa_AREF.html,2,splib06,,,,,,,,,,,,,,,,-1,,,
103,6816,group.2um/organic_plastic-pete,Plastic_PETE GDS380 Clear W1R1Fa,https://crustal.usgs.gov/speclab/data/HTMLmetadata/Plastic_PETE_GDS380_Clear_ASDFRa_AREF.html,2,splib06,,,,,,,,,,,,,,,,-1,,,
104,6810,group.2um/organic_plastic-pete2,Plastic_PETE GDS379 TrnslBrn W1R1Fa,https://crustal.usgs.gov/speclab/data/HTMLmetadata/Plastic_PETE_GDS379_TrnslBrn_ASDFRa_AREF.html,2,splib06,,,,,,,,,,,,,,,,-1,,,
105,6714,group.2um/organic_plastic-hdpe.1,Plastic_HDPE GDS393 GlosWhTr W1R1Fa,https://crustal.usgs.gov/speclab/data/HTMLmetadata/Plastic_HDPE_GDS393_GlosWhTr_ASDFRa_AREF.html,2,splib06,,,,,,,,,,,,,,,,-1,,,
106,6672,group.2um/organic_paint-1,Painted_Aluminum GDS333 LgGr W1R1Fa,https://crustal.usgs.gov/speclab/data/HTMLmetadata/Painted_Aluminum_GDS333_LgGr_ASDFRa_AREF.html,2,splib06,,,,,,,,,,,,,,,,-1,,,
107,6834,group.2um/organic_plastic-pete3,Plastic_PETE GDS383 Clrbluis W1R1Fa,https://crustal.usgs.gov/speclab/data/HTMLmetadata/Plastic_PETE_GDS383_Clrbluis_ASDFRa_AREF.html,2,splib06,,,,,,,,,,,,,,,,-1,,,
108,6810,group.2um/organic_plastic-pete4,Plastic_PETE GDS379 TrnslBrn W1R1Fa,https://crustal.usgs.gov/speclab/data/HTMLmetadata/Plastic_PETE_GDS379_TrnslBrn_ASDFRa_AREF.html,2,splib06,,,,,,,,,,,,,,,,-1,,,
109,300,group.2um/sulfate_kalun150c,Alunite GDS97 K Syn (150C) W2R4Na,https://crustal.usgs.gov/speclab/data/HTMLmetadata/Alunite_GDS97_K_Syn_(150C)_NIC4a_RREF.html,2,splib06,,,,,,,,,,,,,,-1,,,,,
110,294,group.2um/sulfate_kalun250c,Alunite GDS96 K Syn (250C) W2R4Na,https://crustal.usgs.gov/speclab/data/HTMLmetadata/Alunite_GDS96_K_Syn_(250C)_NIC4a_RREF.html,2,splib06,,,,,,,,,,,,,,-1,,,,,
111,324,group.2um/sulfate_kalun450c,Alunite RES-2 K Syn (450C) W2R4Na,https://crustal.usgs.gov/speclab/data/HTMLmetadata/Alunite_RES-2_K_Syn_(450C)_NIC4a_RREF.html,2,splib06,,,,,,,,,,,,,,-1,,,,,
112,288,group.2um/sulfate_naalun150c,Alunite GDS95 Na Syn (150C) W2R4Na,https://crustal.usgs.gov/speclab/data/HTMLmetadata/Alunite_GDS95_Na_Syn_(150C)_NIC4a_RREF.html,2,splib06,,,,,,,,,,,,,,-1,,,,,
113,336,group.2um/sulfate_naalun300c,Alunite RES-4 Na Syn (300C) W2R4Na,https://crustal.usgs.gov/speclab/data/HTMLmetadata/Alunite_RES-4_Na_Syn_(300C)_NIC4a_RREF.html,2,splib06,,,,,,,,,,,,,,-1,,,,,
114,330,group.2um/sulfate_naalun450c,Alunite RES-3 Na Syn (450C) W2R4Na,https://crustal.usgs.gov/speclab/data/HTMLmetadata/Alunite_RES-3_Na_Syn_(450C)_NIC4a_RREF.html,2,splib06,,,,,,,,,,,,,,-1,,,,,
115,246,group.2um/sulfate_na82alun100c,Alunite GDS82 Na82 W1R1Bb,https://crustal.usgs.gov/speclab/data/HTMLmetadata/Alunite_GDS82_Na82_BECKb_AREF.html,2,splib06,,,,,,,,,,,,,,-1,,,,,
116,5382,group.2um/sulfate+kaolingrp_natroalun+dickite,Alunite+Dickite MV99-6-26b W1R1Fc,https://crustal.usgs.gov/speclab/data/HTMLmetadata/Alunite+Dickite_MV99-6-26b_ASDFRc_AREF.html,2,splib06,,,,,,,,0.485,,,,,,-1,,,,,
117,252,group.2um/sulfate_na63alun300c,Alunite GDS83 Na63 W1R1Bb,https://crustal.usgs.gov/speclab/data/HTMLmetadata/Alunite_GDS83_Na63_BECKb_AREF.html,2,splib06,,,,,,,,,,,,,,-1,,,,,
118,342,group.2um/sulfate_na40alun400c,Alunite RES-9 Summitv (400C) W2R4Nb,https://crustal.usgs.gov/speclab/data/HTMLmetadata/Alunite_RES-9_Summitv_(400C)_ASDNGb_AREF.html,2,splib06,,,,,,,,,,,,,,-1,,,,,
119,276,group.2um/sulfate_alunNa03,Alunite GDS84 Na03 W2R4Na,https://crustal.usgs.gov/speclab/data/HTMLmetadata/Alunite_GDS84_Na03_BECKa_AREF.html,2,splib06,,,,,,,,,,,,,,-1,,,,,
120,348,group.2um/sulfate_alunNa56450c,Alunite RES10 NA56% Syn 450C W2R4Na,https://crustal.usgs.gov/speclab/data/HTMLmetadata/Alunite_RES10_NA56percent_Syn_450C_NIC4a_RREF.html,2,splib06,,,,,,,,,,,,,,-1,,,,,
121,354,group.2um/sulfate_alunNa78.450c,Alunite RES12 NA78% Syn 450C W2R4NaIS,https://crustal.usgs.gov/speclab/data/HTMLmetadata/Alunite_RES12_NA78percent_Syn_450C_NIC4a_RREF.html,2,splib06,,,,,,,,,,,,,,-1,,,,,
122,5394,group.2um/sulfate_alun35K65Na.low,Alunite0.35K+.65Na CU91-217H W2R4Nb,https://crustal.usgs.gov/speclab/data/HTMLmetadata/Alunite0.35K+.65Na_CU91-217H_ASDFRb_AREF.html,2,splib06,,,,,,,,,,,,,,-1,,,,,
123,5418,group.2um/sulfate_alun73K27Na.low,Alunite0.73K+.27Na CU91-217D W2R4Na,https://crustal.usgs.gov/speclab/data/HTMLmetadata/Alunite0.73K+.27Na_CU91-217D_NIC4a_RREF.html,2,splib06,,,,,,,,,,,,,,-1,,,,,
124,5412,group.2um/sulfate_alun66K34Na.low,Alunite0.66K+.34Na CU91-217A W2R4Nb,https://crustal.usgs.gov/speclab/data/HTMLmetadata/Alunite0.66K+.34Na_CU91-217A_NIC4b_RREF.html,2,splib06,,,,,,,,,,,,,,-1,,,,,
125,5976,group.2um/micagrp_muscovite-med-Al,Muscovite CU91-250A med Al W2R4NbS,https://crustal.usgs.gov/speclab/data/HTMLmetadata/Alunite.5+MuscCU91-250A_AMX4_BECKa_AREF.html,2,splib06,,,,,,,0.59,,,,,,,,,,,,
126,1038,group.2um/calcite.33+kaol.33+mus-AMXr2,Calcite.33+Kaol.33+Mus AMXr2 W1R1Ba,No available USGS Spectral Library 7 Description Reference,2,sprlb06,0.33,,,,,,0.33,0.33,,,,,,,,,,,
127,654,group.2um/micagrp_muscovite-medhigh-Al,Muscovite GDS113 Ruby W1R1Bb splib06 3348,https://crustal.usgs.gov/speclab/data/HTMLmetadata/Muscovite_GDS113_Ruby_ASDNGa_AREF.html,2,sprlb06,,,,,,,1,,,,,,,,,,,,
128,3876,group.2um/micagrp_paragonite,Paragonite GDS109 W1R1Ba,https://crustal.usgs.gov/speclab/data/HTMLmetadata/Paragonite_GDS109_BECKa_AREF.html,2,splib06,,,,,,,,,,,,,,,,,,,-1
129,714,group.2um/micagrp_illite,Illite IMt-1.b <2um W1R1BaS,https://crustal.usgs.gov/speclab/data/HTMLmetadata/Illite_IMt-1.b_lt2um_ASDNGa_AREF.html,2,sprlb06,,,,,,,0.99,,,,,,,,,,,,
130,726,group.2um/micagrp_illite.gds4,Illite GDS4.2 Marblehead_WI W1R1H_,https://crustal.usgs.gov/speclab/data/HTMLmetadata/Illite_GDS4.2_Marblehead_ASDNGb_AREF.html,2,sprlb06,,,,,,,0.76,,,,,,,,,,,,
131,3306,group.2um/micagrp_muscovite-low-Al,Muscovite CU93-1 low-Al Phyl W2R4Nb,https://crustal.usgs.gov/speclab/data/HTMLmetadata/Muscovite_CU93-1_low-Al_Phyl_NIC4b_RREF.html,2,splib06,,,,,,,0.22,,,,,,,,,,,,
132,3372,group.2um/micagrp_muscoviteFerich,Muscovite GDS116 Tanzania W1R1Ba,https://crustal.usgs.gov/speclab/data/HTMLmetadata/Muscovite_GDS116_Tanzania_BECKa_AREF.html,2,splib06,,,,,,,1,,,,,,,,,,,,
133,606,group.2um/kaolgrp_kaolinite_wxl,Kaolinite CM9 (wxl) W1R1Hb,https://crustal.usgs.gov/speclab/data/HTMLmetadata/Kaolinite_CM9_ASDNGb_AREF.html,2,sprlb06,,,,,,,,0.97,,,,,,,,,,,
134,672,group.2um/kaolgrp_kaolinite_pxl,Kaolinite KGa-2 (pxl) W1R1Hb,https://crustal.usgs.gov/speclab/data/HTMLmetadata/Kaolinite_KGa-2_(pxl)_ASDNGb_AREF.html,2,sprlb06,,,,,,,,1,,,,,,,,,,,
135,684,group.2um/kaolgrp_halloysite,Halloysite NMNH106237 W1R1Ha,https://crustal.usgs.gov/speclab/data/HTMLmetadata/Halloysite_NMNH106237_ASDNGa_AREF.html,2,sprlb06,,,,,,,,0.99,,,,,,,,,,,
136,3462,group.2um/kaolgrp_nacrite,Nacrite GDS88 s06crj3a=c,https://crustal.usgs.gov/speclab/data/HTMLmetadata/Nacrite_GDS88_BECKc_AREF.html,2,splib06,,,,,,,,-1,,,,,,,,,,,
137,708,group.2um/kaolgrp_dickite,Dickite NMNH106242 W1R1Bb,https://crustal.usgs.gov/speclab/data/HTMLmetadata/Dickite_NMNH106242_ASDNGb_AREF.html,2,sprlb06,,,,,,,,-1,,,,,,,,,,,
138,618,group.2um/sulfate_gypsum,Gypsum HS333.3B (Selenite) W1R1Ha,https://crustal.usgs.gov/speclab/data/HTMLmetadata/Gypsum_HS333.3B_(Selenite)_ASDNGa_AREF.html,2,sprlb06,,,,,0.995,,,,,,,,,,,,,,
139,5868,group.2um/kaolin.5+smect.5,Kaolin_Smect H89-FR-2 .5Kaol W1R1Bb,https://crustal.usgs.gov/speclab/data/HTMLmetadata/Kaolin_Smect_H89-FR-2_.5Kaol_BECKb_AREF.html,2,splib06,,,,,,,,0.5,,,,,,,,,,,
140,5880,group.2um/kaolin.3+smect.7,Kaolin_Smect H89-FR-5 .3Kaol W1R1Bb,https://crustal.usgs.gov/speclab/data/HTMLmetadata/Kaolin_Smect_H89-FR-5_.3Kaol_BECKb_AREF.html,2,splib06,,,,,,,,0.3,,,,,,,,,,,
141,588,group.2um/smectite_montmorillonite_na_highswelling,Montmorillonite SWy-1 W1R1Hb,https://crustal.usgs.gov/speclab/data/HTMLmetadata/Montmorillonite_SWy-1_ASDNGb_AREF.html,2,sprlb06,,,,,,,,,0.84,,,,,,,,,,
142,54,group.2um/smectite_montmorillonite_fe_swelling,Montmorillonite_Fe GDS759A,No available USGS Spectral Library 7 Description Reference,2,sprlb06,,,,,,,,,0.83,,,,,,,,,,
143,600,group.2um/smectite_montmorillonite_ca_swelling,Montmorillonite SAz-1 W1R1Hb,https://crustal.usgs.gov/speclab/data/HTMLmetadata/Montmorillonite_SAz-1_ASDNGb_AREF.html,2,sprlb06,,,,,,,,,0.99,,,,,,,,,,
144,60,group.2um/sioh_hydrated_basaltic_glass,HyBasaltGlassMLUT03-9CMarP&T,No available USGS Spectral Library 7 Description Reference,2,sprlb06,,,,,,,,,,,,,,,,,,,
145,66,group.2um/sulfate_kieserite,Kieserite Batch4 GDS671,No available USGS Spectral Library 7 Description Reference,2,sprlb06,,,,,,,,,,,,,,-1,,,,,
146,150,group.2um/sulfate_szomolnokite,Szomolnokite NMNH104303 UT,No available USGS Spectral Library 7 Description Reference,2,sprlb06,,,,,,,,,,,,,,-1,,,,,
147,192,group.2um/sulfate_szomolnokite_heated,Szomolnokite GDS874 Heat275C,No available USGS Spectral Library 7 Description Reference,2,sprlb06,,,,,,,,,,,,,,-1,,,,,
148,96,group.2um/perchlorate_mg,Perchlorate_Mg GDS851.2 220K,No available USGS Spectral Library 7 Description Reference,2,sprlb06,,,,,,,,,,,,,,,,,,,
149,144,group.2um/perchlorate_na,Perchlorate_Na GDS857 230C r06crj3a=_,No available USGS Spectral Library 7 Description Reference,2,sprlb06,,,,,,,,,,,,,,,,,,,
150,5466,group.2um/smectite_beidellite_gds123,Beidellite+Montmor GDS123 =b,https://crustal.usgs.gov/speclab/data/HTMLmetadata/Beidellite+Montmor_GDS123_ASDFRb_AREF.html,2,splib06,,,,,,,,,,,,,,,,,,,-1
151,5478,group.2um/smectite_beidellite_gds124,Beidellite+Montmor GDS124 =b,https://crustal.usgs.gov/speclab/data/HTMLmetadata/Beidellite_GDS124_ASDFRb_AREF.html,2,splib06,,,,,,,,,,,,,,,,,,,-1
152,990,group.2um/sioh_chalcedony,Chalcedony CU91-6A W1R1Ba,https://crustal.usgs.gov/speclab/data/HTMLmetadata/Chalcedony_CU91-6A_BECKa_AREF.html,2,splib06,,,,,,,,,,,,,,,,,,,
153,1488,group.2um/hydroxide_diaspore,Diaspore HS416.3B W1R1Bb,https://crustal.usgs.gov/speclab/data/HTMLmetadata/Diaspore_HS416.3B_BECKb_AREF.html,2,splib06,,,,,,,,,,,,,,,,,,,
154,4188,group.2um/pyrophyllite,Pyrophyllite PYS1A fine gr W1R1Ba,https://crustal.usgs.gov/speclab/data/HTMLmetadata/Pyrophyllite_PYS1A_gt250um_ASDNGa_AREF.html,2,splib06,,,,,,,,,,,,,,,,,,,
155,6054,group.2um/kaol.75+pyroph.25,Pyrophyl.25+wxlKaol.75 AMX17,https://crustal.usgs.gov/speclab/data/HTMLmetadata/Pyrophyl.25+wxlKaol.75_AMX17_BECKb_AREF.html,2,splib06,,,,,,,,0.73,,,,,,,,,,,
156,6060,group.2um/pyroph.5+mont0.5,Pyrophyl.50+Ca-Mont.50 AMX16 W1R1Ba,https://crustal.usgs.gov/speclab/data/HTMLmetadata/Pyrophyl.50+Ca-Mont.50_AMX16_BECKa_AREF.html,2,splib06,,,,,,,,,0.42,,,,,,,,,,
157,5358,group.2um/pyroph.5+alunit.5,Alun366+.50PyroPYS1A GDS222 W1R1Bb,https://crustal.usgs.gov/speclab/data/HTMLmetadata/Alun366+.50PyroPYS1A_GDS222_BECKb_AREF.html,2,splib06,,,,,,,,,,,,,,-1,,,,,
158,5370,group.2um/alunite+pyrophyl,Alunite+Pyrophyl SD1093A W1R1Bb,https://crustal.usgs.gov/speclab/data/HTMLmetadata/Alunite+Pyrophyl_SD1093A_BECKb_AREF.html,2,splib06,,,,,,,,,,,,,,-1,,,,,
159,6048,group.2um/pyroph+tr.musc,Pyrophyl+Muscovite JH_PYRM1 W1R1Fb,https://crustal.usgs.gov/speclab/data/HTMLmetadata/Pyrophyl+Muscovite_JH_PYRM1_ASDFRb_AREF.html,2,splib06,,,,,,,0.04,,,,,,,,,,,,
160,5988,group.2um/musc+pyroph,Muscovite+Pyrophyl JH_PYRP1 W1R1Fb,https://crustal.usgs.gov/speclab/data/HTMLmetadata/Muscovite+Pyrophyl_JH_PYRP1_ASDFRb_AREF.html,2,splib06,,,,,,,0.15,,,,,,,,,,,,
161,5352,group.2um/alunite+musc+pyroph,Alun0.3+Musc0.4+Pyro0.3 AMX1 W1R1Ba,https://crustal.usgs.gov/speclab/data/HTMLmetadata/Alun0.3+Musc0.4+Pyro0.3_AMX1_BECKa_AREF.html,2,splib06,,,,,,,0.4,,,,,,,,,,,,
162,5406,group.2um/alunite.5+kaol.5,Alunite0.5+Kaol_KGa-1 AMX3 W1R1Bb,https://crustal.usgs.gov/speclab/data/HTMLmetadata/Alunite0.5+Kaol_KGa-1_AMX3_BECKb_AREF.html,2,splib06,,,,,,,,0.475,,,,,,,,,,,
163,5910,group.2um/kaol.75+alun.25,Kaolwxl.75+Alun_HS295 AMX14 W1R1Bb,https://crustal.usgs.gov/speclab/data/HTMLmetadata/Kaolwxl.75+Alun_HS295_AMX14_BECKb_AREF.html,2,splib06,,,,,,,,0.73,,,,,,,,,,,
164,5820,group.2um/Kalun+kaol.intmx,Kalun+kaol+gth mv2-ar3 W1R1Fb,https://crustal.usgs.gov/speclab/data/HTMLmetadata/Kalun+kaol+gth_mv2-ar3_ASDFRb_AREF.html,2,splib06,,,,,,,,0.4,,,,,,,,,,,
165,5364,group.2um/Na-alun+kaol.intmx,Alun_Na+Kaol+Hemat MV00-11a W1R1Fc,https://crustal.usgs.gov/speclab/data/HTMLmetadata/Alun_Na+Kaol+Hemat_MV00-11a_ASDFRc_AREF.html,2,splib06,,,,,,,,0.32,,,,,,,,,,,
166,5832,group.2um/kaolin.5+muscov.medAl,Kaol.5+MuscCU91-250A AMX13 W1R1Bb,https://crustal.usgs.gov/speclab/data/HTMLmetadata/Kaol.5+MuscCU91-250A_AMX13_BECKb_AREF.html,2,splib06,,,,,,,0.295,0.485,,,,,,,,,,,
167,5838,group.2um/kaolin.5+muscov.medhighAl,Kaol_Wxl+0.5Musc_Ruby AMX12 W1R1Ba,https://crustal.usgs.gov/speclab/data/HTMLmetadata/Kaol_Wxl+0.5Musc_Ruby_AMX12_BECKa_AREF.html,2,splib06,,,,,,,0.5,0.485,,,,,,,,,,,
168,870,group.2um/kaolin+musc.intimat,Kaol+Musc_intimate CU93-5C W1R1Ha AREF,https://crustal.usgs.gov/speclab/data/HTMLmetadata/Kaol+Muscov_intimate_CU93-5C_ASDNGa_AREF.html,2,sprlb06,,,,,,,0.1,0.485,,,,,,,,,,,
169,876,group.2um/musc+jarosite.intimat,Muscov+Jaros CU93-314 coatng W1R1Hb,https://crustal.usgs.gov/speclab/data/HTMLmetadata/Muscov+Jaros_CU93-314_coatng_ASDNGb_AREF.html,2,sprlb06,,,,,,,0.27,,,,,,,,,,,,
170,5748,group.2um/sulfate-mix_gypsum+jar+illite.intmix,Gyp+jar+ill BRCM1 Marysvale W1R1Fb,https://crustal.usgs.gov/speclab/data/HTMLmetadata/Gyp+jar+ill_BRCM1_Marysvale_ASDFRb_AREF.html,2,splib06,,,,,0.33,,0.33,,,,,,,,,,,,
171,5766,group.2um/sulfate-mix_gyp+jar+musc.amix,Gyp.5+Kjar.3+hAlmsc.2 AMX24 W1R1Ba,https://crustal.usgs.gov/speclab/data/HTMLmetadata/Gyp.5+Kjar.3+hAlmsc.2_AMX24_BECKa_AREF.html,2,splib06,,,,,0.497,,0.2,,,,,,,,,,,,
172,5760,group.2um/sulfate-mix_gyp+jar+musc+dick.amix,Gyp.4+jr20+msc.2+dic.2 AMX23 W1R1Ba,https://crustal.usgs.gov/speclab/data/HTMLmetadata/Gyp.4+jr20+msc.2+dic.2_AMX23_BECKa_AREF.html,2,splib06,,,,,0.398,,0.2,,,,,,,,,,,,
173,5754,group.2um/musc+gyp+jar+dick.amix,Gyp.3+jr.1+msc.4+dic.2 AMX22 W1R1Ba,https://crustal.usgs.gov/speclab/data/HTMLmetadata/Gyp.3+jr.1+msc.4+dic.2_AMX22_BECKa_AREF.html,2,splib06,,,,,0.298,,0.4,,,,,,,,,,,,
174,5670,group.2um/dick+musc+gyp+jar.amix,Dic.4+msc.3+gyp.2+jr.1 AMX20 W1R1Ba,https://crustal.usgs.gov/speclab/data/HTMLmetadata/Dic.4+msc.3+gyp.2+jr.1_AMX20_BECKa_AREF.html,2,splib06,,,,,0.199,,0.3,,,,,,,,,,,,
175,5388,group.2um/alunite.5+musc.5,Alunite.5+MuscCU91-250A AMX4 W1R1Ba,https://crustal.usgs.gov/speclab/data/HTMLmetadata/Alunite.5+MuscCU91-250A_AMX4_BECKa_AREF.html,2,splib06,,,,,,,0.295,,,,,,,,,,,,
176,5346,group.2um/alunite.33+kaol.33+musc.33,Alun.33+Kaol.33+Musc.33 AMX2 W1R1Ba,https://crustal.usgs.gov/speclab/data/HTMLmetadata/Alun.33+Kaol.33+Musc.33_AMX2_BECKa_AREF.html,2,splib06,,,,,,,0.195,0.313,,,,,,,,,,,
177,5982,group.2um/muscovite+chlorite,Muscovite+Chlorite CU91-253D W2R4Na,https://crustal.usgs.gov/speclab/data/HTMLmetadata/Muscovite+Chlorite_CU91-253D_NIC4a_RREF.html,2,splib06,,0.03,,,,,0.53,,,,,,,,,,,,
178,786,group.2um/smectite_ammonillsmec,Ammonio-Illite/Smectit GDS87 W1R1Hb,https://crustal.usgs.gov/speclab/data/HTMLmetadata/Ammonio-Illite-Smect_GDS87_BECKb_AREF.html,2,sprlb06,,,,,,,0.5,,,,,,,,,,,,
179,846,group.2um/feldspar_buddingtonite_ammonium,Buddingtonite GDS85 D-206 W1R1Bb,https://crustal.usgs.gov/speclab/data/HTMLmetadata/Buddingtonite_GDS85_D-206_BECKb_AREF.html,2,splib06,,,,,,,,,,,,,,,,,,,
180,5502,group.2um/feldspar_buddington.namont,Buddingtnt+Na-Mont CU93-260B W2R4Nb,https://crustal.usgs.gov/speclab/data/HTMLmetadata/Buddingtnt+Na-Mont_CU93-260B_NIC4b_RREF.html,2,splib06,,,,,,,,,0.1,,,,,,,,,,
181,5502,group.2um/feldspar_buddington.namont2,Buddingtnt+Na-Mont CU93-260B W2R4Nb,https://crustal.usgs.gov/speclab/data/HTMLmetadata/Buddingtnt+Na-Mont_CU93-260B_NIC4b_RREF.html,2,splib06,,,,,,,,,0.1,,,,,,,,,,
182,5436,group.2um/sulfate_ammonalunite,Alunite_NH4+Jaro NMNH145596A W1R1Bb,https://crustal.usgs.gov/speclab/data/HTMLmetadata/Alunite_NH4+Jaro_NMNH145596A_BECKb_AREF.html,2,splib06,,,,,,,,,,,,,,-1,,,,,
183,390,group.2um/sulfate_ammonjarosite,Ammonio-Jarosite SCR-NHJ W1R1Ba,https://crustal.usgs.gov/speclab/data/HTMLmetadata/Ammonio-Jarosite_SCF-NHJ_BECKa_AREF.html,2,splib06,,,,,,,,,,,,,,-1,,,,,
184,612,group.2um/carbonate_dolomite,Dolomite HS102.3B W1R1Hb,https://crustal.usgs.gov/speclab/data/HTMLmetadata/Dolomite_HS102.3B_ASDNGb_AREF.html,2,sprlb06,,,0.996,,,,,,,,,,,,,,,,
185,72,group.2um/actinolite,Actinolite NMNHR16485 W1R1Bb,https://crustal.usgs.gov/speclab/data/HTMLmetadata/Actinolite_NMNHR16485_BECKb_AREF.html,2,splib06,,,,,,,,,,,,,,,,,,,
186,402,group.2um/amphibole,Amphibole NMNH78662 W1R1Bb,https://crustal.usgs.gov/speclab/data/HTMLmetadata/Amphibole_NMNH78662_BECKb_AREF.html,2,splib06,,,,,,,,,,,,,,,,,,,
187,774,group.2um/micagrp_biotite,Biotite HS28.3B W1R1Bb,https://crustal.usgs.gov/speclab/data/HTMLmetadata/Biotite_HS28.3B_BECKa_AREF.html,2,splib06,,,,,,,,,,,,,,,,,,,-1
188,912,group.2um/micagrp_biotite-phlogopite,Biotite-phlogopite P23-5 Sam W1R1H_,No available USGS Spectral Library 7 Description Reference,2,sprlb06,,,,,,,,,,,,,,,,,,,-1
189,5664,group.2um/chlorite-skarn,Chlorite_Serpentine BR93-22B W1R1Bb,https://crustal.usgs.gov/speclab/data/HTMLmetadata/Chlorite_Serpentine_BR93-22B_BECKb_AREF.html,2,splib06,,0.61,,,,,,,,,,,,,,,,,
190,1080,group.2um/chlorite,Chlorite SMR-13.b 60-104um W1R1Ba,https://crustal.usgs.gov/speclab/data/HTMLmetadata/Chlorite_SMR-13.b_60-104um_BECKa_AREF.html,2,splib06,,1,,,,,,,,,,,,,,,,,
191,252,group.2um/prehnite+.50chlorite,Prehnite+.50Chlorite AMIX,No available USGS Spectral Library 7 Description Reference,2,sprlb06,,0.5,,,,,,,,,,,,,,,,,
192,258,group.2um/prehnite+.67chlorite,Prehnite+.67Chlorite AMIX,No available USGS Spectral Library 7 Description Reference,2,sprlb06,,0.67,,,,,,,,,,,,,,,,,
193,264,group.2um/prehnite+.75chlorite,Prehnite+.75Chlorite AMIX,No available USGS Spectral Library 7 Description Reference,2,sprlb06,,0.75,,,,,,,,,,,,,,,,,
194,276,group.2um/carbonate_aragonite,Aragonite GDS898 Moracco,No available USGS Spectral Library 7 Description Reference,2,sprlb06,,,,,,,,,,,,,-1,,,,,,
195,660,group.2um/chlorite_clinochlore,Clinochlore GDS158 Flagst W1R1Hb,https://crustal.usgs.gov/speclab/data/HTMLmetadata/Clinochlore_GDS158_Flagstaff_ASDNGb_AREF.html,2,sprlb06,,1,,,,,,,,,,,,,,,,,
196,1212,group.2um/chlorite_clinochlore.nmnh83369,Clinochlore NMNH83369 =bb,https://crustal.usgs.gov/speclab/data/HTMLmetadata/Clinochlore_NMNH83369_BECKb_AREF.html,2,splib06,,1,,,,,,,,,,,,,,,,,
197,648,group.2um/chlorite_clinochlore.fe.gds157,Clinochlore_Fe GDS157.b W1R1Ha,https://crustal.usgs.gov/speclab/data/HTMLmetadata/Clinochlore_Fe_GDS157.b_ASDFRa_AREF.html,2,sprlb06,,1,,,,,,,,,,,,,,,,,
198,1260,group.2um/chlorite_clinochlore.fe.sc-cca-1,Clinochlore_Fe SC-CCa-1.b =aa_,https://crustal.usgs.gov/speclab/data/HTMLmetadata/Clinochlore_Fe_SC-CCa-1.b_BECKa_AREF.html,2,splib06,,1,,,,,,,,,,,,,,,,,
199,1338,group.2um/chlorite_cookeite-car-1.a,Cookeite CAr-1.a 104-150um =bb_,https://crustal.usgs.gov/speclab/data/HTMLmetadata/Cookeite_CAr-1.a_104-150um_BECKb_AREF.html,2,splib06,,0.94,,,,,,,,,,,,,,,,,
200,1368,group.2um/chlorite_cookeite-car-1.c,Cookeite CAr-1.c <30um =cc_,https://crustal.usgs.gov/speclab/data/HTMLmetadata/Cookeite_CAr-1.c_lt30um_BECKb_AREF.html,2,splib06,,0.81,,,,,,,,,,,,,,,,,
201,4872,group.2um/chlorite_thuringite,Thuringite SMR-15.b 32um W1R1Ba,https://crustal.usgs.gov/speclab/data/HTMLmetadata/Thuringite_SMR-15.b_80um_BECKa_AREF.html,2,splib06,,1,,,,,,,,,,,,,,,,,
202,1668,group.2um/epidote,Epidote GDS26.a 75-200um W1R1Bb,https://crustal.usgs.gov/speclab/data/HTMLmetadata/Epidote_GDS26.a_75-200um_BECKb_AREF.html,2,splib06,,,,,,,,,,,,,,,,,,,
203,2274,group.2um/hornblende,Hornblende_Fe HS115.3B W1R1Bc,https://crustal.usgs.gov/speclab/data/HTMLmetadata/Hornblende_Fe_HS115.3B_BECKc_AREF.html,2,splib06,,,,,,,,,,,,,,,,,,,
204,2538,group.2um/sulfate_jarosite-Na,Jarosite GDS24 Na W1R1Bb,https://crustal.usgs.gov/speclab/data/HTMLmetadata/Jarosite_GDS24_Na_BECKb_AREF.html,2,splib06,,,,,,,,,,,,,,-1,,,,,
205,2568,group.2um/sulfate_jarosite-K,Jarosite GDS99 K 200C Syn W1R1Ba,https://crustal.usgs.gov/speclab/data/HTMLmetadata/Jarosite_GDS99_K_200C_Syn_BECKa_AREF.html,2,splib06,,,,,,,,,,,,,,-1,,,,,
206,2604,group.2um/sulfate_jarosite-lowT,Jarosite SJ-1 H3O 10-20% W1R1Bb,https://crustal.usgs.gov/speclab/data/HTMLmetadata/Jarosite_SJ-1_H3O_10-20percent_BECKb_AREF.html,2,splib06,,,,,,,,,,,,,,-1,,,,,
207,3930,group.2um/phlogopite,Phlogopite HS23.3B W1R1Bb,https://crustal.usgs.gov/speclab/data/HTMLmetadata/Phlogopite_HS23.3B_BECKa_AREF.html,2,splib06,,,,,,,-1,,,,,,,,,,,,
208,5142,group.2um/tremolite.or.talc,Tremolite HS18.3 W1R1Bc,https://crustal.usgs.gov/speclab/data/HTMLmetadata/Tremolite_HS18.3_BECKc_AREF.html,2,splib06,,,,,,,,,,,,,,,,,,,
209,4800,group.2um/talc.crsgrnd,Talc GDS23 74-250um fr W1R1Ba,https://crustal.usgs.gov/speclab/data/HTMLmetadata/Talc_GDS23_ASDNGa_AREF.html,2,splib06,,,,,,,,,,,,,,,,,,,
210,4830,group.2um/talc.fngrnd,Talc WS659 W1R1Bb,https://crustal.usgs.gov/speclab/data/HTMLmetadata/Talc_WS659_BECKb_AREF.html,2,splib06,,,,,,,,,,,,,,,,,,,
211,5538,group.2um/talc+calcite.parkcity,Calcite+Talc PC99-1G W1R1Fc,https://crustal.usgs.gov/speclab/data/HTMLmetadata/Calcite+Talc_PC99-1G_ASDFRc_AREF.html,2,splib06,0.5,,,,,,,,,,,,,,,,,,
212,5682,group.2um/talc+carbonate.parkcity,Dolomit+Calcite+Talc PC99-1E W1R1Fc,https://crustal.usgs.gov/speclab/data/HTMLmetadata/Dolomit+Calcite+Talc_PC99-1E_ASDFRc_AREF.html,2,splib06,0.33,,0.33,,,,,,,,,,,,,,,,
213,5568,group.2um/carbonate_calcite+0.2Ca-mont,Calcite.8+Ca-Montmor.2 AMX15 W1R1BbS,https://crustal.usgs.gov/speclab/data/HTMLmetadata/Calcite.8+Ca-Montmor.2_AMX15_BECKb_AREF.html,2,splib06,0.796,,,,,,,,0.17,,,,,,,,,,
214,5922,group.2um/carbonate_magnesite,Magnesite+Hydroma HS47.3B W1R1Ba,https://crustal.usgs.gov/speclab/data/HTMLmetadata/Magnesite+Hydromag_HS47.3B_BECKa_AREF.html,2,splib06,,,,,,,,,,,,,-1,,,,,,
215,666,group.2um/carbonate_calcite,Calcite WS272 W1R1Ha,https://crustal.usgs.gov/speclab/data/HTMLmetadata/Calcite_WS272_ASDNGa_AREF.html,2,sprlb06,0.995,,,,,,,,,,,,,,,,,,
216,5532,group.2um/carbonate_calcite+dolomite.5,Calcite+Dolomite.5 AMX8 W1R1Bb,https://crustal.usgs.gov/speclab/data/HTMLmetadata/Calcite.5+Dolomite.5_AMX8_BECKb_AREF.html,2,splib06,0.497,,0.498,,,,,,,,,,,,,,,,
217,5694,group.2um/carbonate_dolo+.5ca-mont,Dolomite.50+Ca-Montmor AMX10 W1R1Bb,https://crustal.usgs.gov/speclab/data/HTMLmetadata/Dolomite.5+Ca-Mont.5_AMX10_BECKb_AREF.html,2,splib06,,,0.5,,,,,,0.42,,,,,,,,,,
218,5514,group.2um/calcite.25+dolom.25+Na-mont.5,Calc.25+dolo.25+mont.5 AMX18 W1R1Bb,https://crustal.usgs.gov/speclab/data/HTMLmetadata/Calc.25+Dolo.25+Na-Mon_AMX18_BECKb_AREF.html,2,splib06,0.249,,0.249,,,,,,0.42,,,,,,,,,,
219,5508,group.2um/carbonate_calcite.25+dolom.25+Ca-mont.5,Calc.25+Dolo.25+Ca-Mon AMX7 W1R1Bb,https://crustal.usgs.gov/speclab/data/HTMLmetadata/Calc.25+Dolo.25+Ca-Mont_AMX7_BECKb_AREF.html,2,splib06,0.249,,0.249,,,,,,0.42,,,,,,,,,,
220,4560,group.2um/carbonate_siderite,Siderite HS271.3B W1R1Ba,https://crustal.usgs.gov/speclab/data/HTMLmetadata/Siderite_HS271.3B_BECKa_AREF.html,2,splib06,,,,,,,,,,,,,-1,,,,,,
221,3558,group.2um/smectite_nontronite_swelling,Nontronite NG-1.a W1R1Bb,https://crustal.usgs.gov/speclab/data/HTMLmetadata/Nontronite_NG-1.a_BECKb_AREF.html,2,splib06,,,,,,,,,-1,,,,,,,,,,
222,696,group.2um/clay_hectorite,Hectorite SHCa-1.Ac-B W1R1Hb,https://crustal.usgs.gov/speclab/data/HTMLmetadata/Hectorite_SHCa-1.Ac-B_BECKb_AREF.html,2,sprlb06,,,,,,,,,-1,,,,,,,,,,
223,702,group.2um/saponite.or.talc,Saponite SapCa-1.AcB W1R1Hb,https://crustal.usgs.gov/speclab/data/HTMLmetadata/Saponite_SapCa-1.AcB_BECKb_AREF.html,2,sprlb06,,,,,,,,,-1,,,,,,,,,,
224,690,group.2um/sepiolite,Sepiolite SepNev-1.AcB W1R1Ha,https://crustal.usgs.gov/speclab/data/HTMLmetadata/Sepiolite_SepNev-1.AcB_BECKa_AREF.html,2,sprlb06,,,,,,,,,,,,,,,,,,,
225,5574,group.2um/calcite+0.2Na-mont,Calcite.80+Mont_Swy-1 GDS212 W1R1Ba,https://crustal.usgs.gov/speclab/data/HTMLmetadata/Calcite.80+Mont_Swy-1_GDS212_BECKa_AREF.html,2,splib06,0.796,,,,,,,,0.17,,,,,,,,,,
226,5526,group.2um/calcite+0.5Ca-mont,Calcite+.50Ca-Mont AMX6 W1R1Bb,https://crustal.usgs.gov/speclab/data/HTMLmetadata/Calcite.5+.Ca-Mont.5_AMX6_BECKb_AREF.html,2,splib06,0.497,,,,,,,,0.42,,,,,,,,,,
227,5520,group.2um/carbonate_calcite+0.3muscovite,Calcite+.33Muscov AMX5 Ruby W1R1Ba,https://crustal.usgs.gov/speclab/data/HTMLmetadata/Calcite+.33Muscov_AMX5_Ruby_BECKa_AREF.html,2,splib06,0.667,,,,,,0.33,,,,,,,,,,,,
228,30,group.2um/organic_drygrass+.17Na-mont,Grass_dry+0.17%Na-Mont AMX35 W1R1Ba AREF,https://crustal.usgs.gov/speclab/data/HTMLmetadata/Grass_dry.83+.17NaMont_AMX35_BECKb_AREF.html,2,sprlb06,,,,,,,,,0.14,,,,,,,,,,
229,5688,group.2um/carbonate_dolomite.5+Na-mont.5,Dolomite.5+Na-mont.5 AMX21 W1R1Bb,https://crustal.usgs.gov/speclab/data/HTMLmetadata/Dolomite.5+Na-Mont.5_AMX21_BECKb_AREF.html,2,splib06,,,0.498,,,,,,0.42,,,,,,,,,,
230,5544,group.2um/carbonate_smectite_calcite.33+Ca-mont.67,Calcite.33+Ca-mont.67 AMX19 W1R1Bb,https://crustal.usgs.gov/speclab/data/HTMLmetadata/Calcite.33+Ca-Mont.67_AMX19_BECKb_AREF.html,2,splib06,0.328,,,,,,,,0.66,,,,,,,,,,
231,5580,group.2um/carbonate_calcite+0.2kaolwxl,Calcite.80wt+Kaol_CM9 GDS213 W1R1Ba,https://crustal.usgs.gov/speclab/data/HTMLmetadata/Calcite.80wt+Kaol_CM9_GDS213_BECKa_AREF.html,2,splib06,0.796,,,,,,,0.19,,,,,,,,,,,
232,5562,group.2um/carbonate_calcite0.7+kaol0.3,Calcite.7+Kaolwxl.3 AMX9 W1R1Ba,https://crustal.usgs.gov/speclab/data/HTMLmetadata/Calcite.7+Kaolin-wxl.3_AMX9_BECKa_AREF.html,2,splib06,0.696,,,,,,,0.19,,,,,,,,,,,
233,1314,group.2um/phyllosilicate.clintonite,Clintonite NMNH126553 W1R1Bc,https://crustal.usgs.gov/speclab/data/HTMLmetadata/Clintonite_NMNH126553_BECKc_AREF.html,2,splib06,,,,,,,-1,,,,,,,,,,,,
234,3870,group.2um/palygorskite,Palygorskite PFL-1 Attapulg W1R1Bb,https://crustal.usgs.gov/speclab/data/HTMLmetadata/Palygorskite_PFL-1_Attapulg_BECKb_AREF.html,2,splib06,,,,,,,-1,,,,,,,,,,,,
235,5298,group.2um/zoisite,Zoisite HS347.3B W1R1Bb,https://crustal.usgs.gov/speclab/data/HTMLmetadata/Zoisite_HS347.3B_BECKb_AREF.html,2,splib06,,,,,,,,,,,,,,,,,,,
236,1626,group.2um/elbaite,Elbaite NMNH94217-1.c <74 W1R1Bb,https://crustal.usgs.gov/speclab/data/HTMLmetadata/Elbaite_NMNH94217-1.c_lt74_BECKb_AREF.html,2,splib06,,,,,,,,,,,,,,,,,,,
237,1824,group.2um/hydroxide_gibbsite,Gibbsite WS214 W1R1Bb,https://crustal.usgs.gov/speclab/data/HTMLmetadata/Gibbsite_WS214_BECKb_AREF.html,2,splib06,,,,,,,,,,,,,,,,,,,
238,3546,group.2um/nitrate_niter,Niter GDS43 (K-Saltpeter) W1R1Ba,https://crustal.usgs.gov/speclab/data/HTMLmetadata/Niter_GDS43_(K-Saltpeter)_BECKa_AREF.html,2,splib06,,,,,,,,,,,,,,,,,,,
239,5040,group.2um/topaz,Topaz Mt._Antero_#5 W1R1Bb,https://crustal.usgs.gov/speclab/data/HTMLmetadata/Topaz_Mt_Antero_%235_BECKb_AREF.html,2,splib06,,,,,,,,,,,,,,,,,,,
240,4278,group.2um/carbonate_rhodochrosite,Rhodochrosite HS338.3B W1R1Bb,https://crustal.usgs.gov/speclab/data/HTMLmetadata/Rhodochrosite_HS338.3B_BECKb_AREF.html,2,splib06,,,,,,,,,,,,,-1,,,,,,
241,5268,group.2um/carbonate_witherite,Witherite HS273.3B W1R1Ba,https://crustal.usgs.gov/speclab/data/HTMLmetadata/Witherite_HS273.3B_BECKa_AREF.html,2,splib06,,,,,,,,,,,,,-1,,,,,,
242,4026,group.2um/prehnite,Prehnite GDS613.a <60um =aa_,https://crustal.usgs.gov/speclab/data/HTMLmetadata/Prehnite_GDS613.a_lt60um_ASDFRa_AREF.html,2,splib06,,,,,,,,,,,,,,,,,,,
243,3126,group.2um/prehnite+muscovite,Mizzonite BM1931 12 Scapolte W1R1Bc,https://crustal.usgs.gov/speclab/data/HTMLmetadata/Mizzonite_BM1931-12_Scapolte_BECKc_AREF.html,2,splib06,,,,,,,0.1,,,,,,,,,,,,
244,3978,group.2um/borate_pinnoite,Pinnoite NMNH123943 W1R1Ba,https://crustal.usgs.gov/speclab/data/HTMLmetadata/Pinnoite_NMNH123943_BECKa_AREF.html,2,splib06,,,,,,,,,,,,,,,,,,,
245,3996,group.2um/polyhalite,Polyhalite NMNH92669-4 W1R1Ba,https://crustal.usgs.gov/speclab/data/HTMLmetadata/Polyhalite_NMNH92669-4_BECKa_AREF.html,2,splib06,,,,,,,,,,,,,,,,,,,
246,4368,group.2um/rivadavite,Rivadavite NMNH170164 Amph W1R1Ba,https://crustal.usgs.gov/speclab/data/HTMLmetadata/Rivadavite_NMNH170164_BECKa_AREF.html,2,splib06,,,,,,,,,,,,,,,,,,,
247,2298,group.2um/howlite,Howlite GDS155 W1R1Ba,https://crustal.usgs.gov/speclab/data/HTMLmetadata/Howlite_GDS155_BECKa_AREF.html,2,splib06,,,,,,,,,,,,,,,,,,,
248,5190,group.2um/ulexite,Ulexite HS441.3B W1R1Ba,https://crustal.usgs.gov/speclab/data/HTMLmetadata/Ulexite_HS441.3B_BECKa_AREF.html,2,splib06,,,,,,,,,,,,,,,,,,,
249,6114,group.2um/white.crust.starkeyite,White_Crust LV30 starkeyite W1R1Fc,https://crustal.usgs.gov/speclab/data/HTMLmetadata/White_Crust_LV30_starkeyite_ASDFRc_AREF.html,2,splib06,,,,,,,,,,,,,,,,,,,
250,414,group.2um/zeolite_analcime,Analcime GDS1 Zeolite W1R1Ba,https://crustal.usgs.gov/speclab/data/HTMLmetadata/Analcime_GDS1_Zeolite_BECKa_AREF.html,2,splib06,,,,,,,,,,,,,,,,,,,
251,834,group.2um/hydroxide_brucite,Brucite HS247.3B W1R1Bc,https://crustal.usgs.gov/speclab/data/HTMLmetadata/Brucite_HS247.3B_BECKc_AREF.html,2,splib06,,,,,,,,,,,,,,,,,,,
252,942,group.2um/chloride_carnallite,Carnallite NMNH98011 W1R1Bb,https://crustal.usgs.gov/speclab/data/HTMLmetadata/Carnallite_NMNH98011_BECKb_AREF.html,2,splib06,,,,,,,,,,,,,,,,,,,
253,1320,group.2um/borate_colemanite,Colemanite GDS143 W1R1Bb,https://crustal.usgs.gov/speclab/data/HTMLmetadata/Colemanite_GDS143_BECKb_AREF.html,2,splib06,,,,,,,,,,,,,,,,,,,
254,1470,group.2um/datolite,Datolite HS442.3B W1R1Bb,https://crustal.usgs.gov/speclab/data/HTMLmetadata/Datolite_HS442.3B_BECKb_AREF.html,2,splib06,,,,,,,,,,,,,,,,,,,
255,2310,group.2um/hydrogrossular,Hydrogrossular NMNH120555 W1R1Bb,https://crustal.usgs.gov/speclab/data/HTMLmetadata/Hydrogrossular_NMNH120555_BECKb_AREF.html,2,splib06,,,,,,,,,,,,,,,,,,,
256,2862,group.2um/micagrp_lepidolite,Lepidolite NMNH88526-1 W1R1Ba,https://crustal.usgs.gov/speclab/data/HTMLmetadata/Lepidolite_NMNH88526-1_BECKa_AREF.html,2,splib06,,,,,,,-1,,,,,,,,,,,,
257,2976,group.2um/micagrp_margarite,Margarite GDS106 W1R1Bc,https://crustal.usgs.gov/speclab/data/HTMLmetadata/Margarite_GDS106_BECKc_AREF.html,2,splib06,,,,,,,-1,,,,,,,,,,,,
258,3012,group.2um/sulfate_mascagnite,Mascagnite GDS65.b (fr) W1R1Ba,https://crustal.usgs.gov/speclab/data/HTMLmetadata/Mascagnite_GDS65.b_(fr)_BECKa_AREF.html,2,splib06,,,,,,,,,,,,,,-1,,,,,
259,3114,group.2um/sulfate_mirabilite-wet_soil,Mirabilite GDS150 Na2SO4 W1R1Ba,https://crustal.usgs.gov/speclab/data/HTMLmetadata/Mirabilite_GDS150_Na2SO4_BECKa_AREF.html,2,splib06,,,,,,,,,,,,,,-1,,,,,
260,3474,group.2um/zeolite_natrolite,Natrolite HS169.3B Zeolite W1R1Bb,https://crustal.usgs.gov/speclab/data/HTMLmetadata/Natrolite_HS169.3B_Zeolite_BECKb_AREF.html,2,splib06,,,,,,,,,,,,,,,,,,,
261,4338,group.2um/richterite,Richterite NMNH150800 HCl W1R1Bb,https://crustal.usgs.gov/speclab/data/HTMLmetadata/Richterite_NMNH150800_HCl_BECKb_AREF.html,2,splib06,,,,,,,,,,,,,,,,,,,
262,1152,group.2um/serpentine_chrysotile.coarse-fibrous,Chrysotile ML99-12A Coar Fib W1R1Fb,https://crustal.usgs.gov/speclab/data/HTMLmetadata/Chrysotile_ML99-12A_Coar_Fib_ASDFRb_AREF.html,2,splib06,,,,,,,,,,,,,,,,,,,
263,1158,group.2um/serpentine_chrysotile.med-fine-fibrous,Chrysotile ML99-12C Fine Fib W1R1Fb,https://crustal.usgs.gov/speclab/data/HTMLmetadata/Chrysotile_ML99-12C_Fine_Fib_ASDFRb_AREF.html,2,splib06,,,,,,,,,,,,,,,,,,,
264,1146,group.2um/serpentine_chrysotile.fine-fibrous,Chrysotile HS323.1B W1R1Ba,https://crustal.usgs.gov/speclab/data/HTMLmetadata/Chrysotile_HS323.1B_BECKa_AREF.html,2,splib06,,,,,,,,,,,,,,,,,,,
265,1440,group.2um/serpentine_cronstedtite,Cronstedtite M3542 =bb_,https://crustal.usgs.gov/speclab/data/HTMLmetadata/Cronstedtite_M3542_BECKb_AREF.html,2,splib06,,,,,,,,,,,,,,,,,,,
266,4380,group.2um/micagrp_illite.roscoelite,Roscoelite EN124 W1R1Bb,https://crustal.usgs.gov/speclab/data/HTMLmetadata/Roscoelite_EN124_BECKb_AREF.html,2,splib06,,,,,,,0.15,,,,,,,,,,,,
267,4764,group.2um/carbonate_strontianite,Strontianite HS272.3B W1R1Bb,https://crustal.usgs.gov/speclab/data/HTMLmetadata/Strontianite_HS272.3B_BECKb_AREF.html,2,splib06,,,,,,,,,,,,,-1,,,,,,
268,4788,group.2um/sulfate_syngenite,Syngenite GDS139 W1R1Ba,https://crustal.usgs.gov/speclab/data/HTMLmetadata/Syngenite_GDS139_BECKa_AREF.html,2,splib06,,,,,,,,,,,,,,-1,,,,,
269,1134,group.2um/chrysocolla,Chrysocolla HS297.3B W1R1Bb,https://crustal.usgs.gov/speclab/data/HTMLmetadata/Chrysocolla_HS297.3B_ASDFRb_AREF.html,2,splib06,,,,,,,,,,,,,,,,,,,
270,720,group.2um/carbonate_azurite,Azurite WS316 W1R1Ba,https://crustal.usgs.gov/speclab/data/HTMLmetadata/Azurite_WS316_BECKa_AREF.html,2,splib06,,,,,,,,,,,,,-1,,,,,,
271,2964,group.2um/carbonate_malachite,Malachite HS254.3B W1R1Bb,https://crustal.usgs.gov/speclab/data/HTMLmetadata/Malachite_HS254.3B_BECKb_AREF.html,2,splib06,,,,,,,,,,,,,-1,,,,,,
272,6522,group.2um/cyanide-CdK,Cyanide_Cadmium_Potassium W2R4Na RREF,https://crustal.usgs.gov/speclab/data/HTMLmetadata/Cyanide_Cadmium_Potassium_BECKa_AREF.html,2,splib06,,,,,,,,,,,,,,,,,,,
273,6528,group.2um/cyanide-NiK,Cyanide_Nickel_Potassium W2R4Na RREF,https://crustal.usgs.gov/speclab/data/HTMLmetadata/Cyanide_Nickel_Potassium_BECKa_AREF.html,2,splib06,,,,,,,,,,,,,,,,,,,
274,6534,group.2um/cyanide-trihydrate,Cyanide_Trihydrate CT1 W1R1Ba,https://crustal.usgs.gov/speclab/data/HTMLmetadata/Cyanide_Trihydrate_CT1_BECKa_AREF.html,2,splib06,,,,,,,,,,,,,,,,,,,
275,6552,group.2um/cyanide-KFe,Cyanide_Potassium_Ferro W1R1Ba,https://crustal.usgs.gov/speclab/data/HTMLmetadata/Cyanide_Potassium_Ferro_BECKa_AREF.html,2,splib06,,,,,,,,,,,,,,,,,,,
276,6540,group.2um/cyanide-ZnK,Cyanide_Zinc_Potassium W1R1Ba,https://crustal.usgs.gov/speclab/data/HTMLmetadata/Cyanide_Zinc_Potassium_BECKa_AREF.html,2,splib06,,,,,,,,,,,,,,,,,,,
277,6690,group.2um/organic_plastic.grnhs.roof,Plastic GGA-54 Grnhouse Roof W1R1Ba,https://crustal.usgs.gov/speclab/data/HTMLmetadata/Plastic_GGA-54_Grnhouse_Roof_BECKa_AREF.html,2,splib06,,,,,,,,,,,,,,,1,-1,,,
278,6606,group.2um/organic_benzene+montswy,Montmorill+Benzene SWy 1ml W1R1Ba,https://crustal.usgs.gov/speclab/data/HTMLmetadata/Montmorill+Benzene_SWy_1ml_BECKa_AREF.html,2,splib06,,,,,,,,,0.756,,,,,,,-1,,,
279,6624,group.2um/organic_trichlor+montswy,Montmorill+Trichlor SWy 1ml W1R1Ba,https://crustal.usgs.gov/speclab/data/HTMLmetadata/Montmorill+Trichlor_SWy_1ml_BECKa_AREF.html,2,splib06,,,,,,,,,0.756,,,,,,,-1,,,
280,6618,group.2um/organic_toluene+montswy,Montmorill+Toluene SWy .5ml W1R1Ba,https://crustal.usgs.gov/speclab/data/HTMLmetadata/Montmorill+Toluene_SWy_.5ml_BECKa_AREF.html,2,splib06,,,,,,,,,0.798,,,,,,,-1,,,
281,6630,group.2um/organic_unleaded.gas+montswy,Montmorill+Unleaded_Gas SWy W1R1Ba,https://crustal.usgs.gov/speclab/data/HTMLmetadata/Montmorill+Unleaded_Gas_SWy_BECKa_AREF.html,2,splib06,,,,,,,,,0.756,,,,,,,-1,,,
282,6612,group.2um/organic_tce+montswy,Montmorill+TCE SWy saturated W1R1Ba,https://crustal.usgs.gov/speclab/data/HTMLmetadata/Montmorill+TCE_SWy_saturated_BECKa_AREF.html,2,splib06,,,,,,,,,0.756,,,,,,,-1,,,
283,5310,group.2um/zunyite,Zunyite GDS-241B <150um W1R1B?,https://crustal.usgs.gov/speclab/data/HTMLmetadata/Zunyite_GDS241B_lt150um_BECKu_AREF.html,2,splib06,,,,,,,,,,,,,,,,,,,
284,7008,group.2um/sulfate-mix_gypsum.trace.dust+debris-WTC01-2,WTC_Dust_Debris WTC01-2 W1R1Fa,https://crustal.usgs.gov/speclab/data/HTMLmetadata/WTC_Dust_Debris_WTC01-2_ASDFRa_AREF.html,2,splib06,,,,,0.1,,,,,,,,,,,-1,,,
285,7014,group.2um/sulfate-mix_gypsum.trace.dust+debris-WTC01-28,WTC_Dust_Debris WTC01-28 W1R1Fa,https://crustal.usgs.gov/speclab/data/HTMLmetadata/WTC_Dust_Debris_WTC01-28_ASDFRa_AREF.html,2,splib06,,,,,0.1,,,,,,,,,,,-1,,,
286,6498,group.2um/chrysotile.gypsum.wtc01-8,Coated_Steel_Girder WTC01-8 W1R1Fa,https://crustal.usgs.gov/speclab/data/HTMLmetadata/Coated_Steel_Girder_WTC01-8_ASDFRa_AREF.html,2,splib06,,,,,0.1,,,,,,,,,,,-1,,,
287,4008,group.2um/portlandite,Portlandite GDS525 Ca(OH)2 W1R1Fa,https://crustal.usgs.gov/speclab/data/HTMLmetadata/Portlandite_GDS525_Ca(OH)2_ASDFRa_AREF.html,2,splib06,,,,,,,,,,,,,,,,,,,
288,234,group.2um/nitrate_potassium,Potassium Nitrate GDS43,No available USGS Spectral Library 7 Description Reference,2,sprlb06,,,,,,,,,,,,,,,,,,,
289,240,group.2um/nitrate_sodium,Sodium Nitrate GDS883,No available USGS Spectral Library 7 Description Reference,2,sprlb06,,,,,,,,,,,,,,,,,,,
290,624,group.2um/micagrp_vermiculite_GDS458,Vermiculite GDS458 W1R1Hc,No available USGS Spectral Library 7 Description Reference,2,sprlb06,,,,,,,,,,0.16,,,,,,,,,
291,630,group.2um/micagrp_vermiculite_ALB4SA00,Vermiculite ALB4SA00 W1R1Hc,No available USGS Spectral Library 7 Description Reference,2,sprlb06,,,,,,,,,,0.26,,,,,,,,,
292,636,group.2um/micagrp_vermiculite_WS682,Vermiculite WS682 W1R1Hc,No available USGS Spectral Library 7 Description Reference,2,sprlb06,,,,,,,,,,0.68,,,,,,,,,
293,642,group.2um/micagrp_vermiculite_WS681,Vermiculite WS681 W1R1Hc,https://crustal.usgs.gov/speclab/data/HTMLmetadata/Vermiculite_WS681_BECKc_AREF.html,2,sprlb06,,,,,,,,,,0.42,,,,,,,,,
294,1008,group.2um/methane-gas-2.37um-experimental,CO2+O2+CH4 TRANSM ModtranZ20 r06crj3a=,No available USGS Spectral Library 7 Description Reference,2,sprlb06,,,,,,,,,,,,,,,,,,,